{"r_squared": 0.7754874007739659, "rmse": 4.057629636672434}